HJD,UT Date,Camera,FWHM,Limit,mag,mag_err,flux(mJy),flux_err,Filter
2459647.79477,2022-03-09.2948975,bk,1.42,16.278,13.271,0.014,17.840,0.232,g
2459647.79602,2022-03-09.2961523,bk,1.41,16.328,13.301,0.014,17.356,0.224,g
2459647.79726,2022-03-09.2973940,bk,1.47,16.252,13.322,0.016,17.039,0.240,g
2459647.81770,2022-03-09.3178322,bk,1.45,16.254,13.311,0.016,17.198,0.238,g
2459647.81895,2022-03-09.3190843,bk,1.43,16.294,13.311,0.015,17.208,0.229,g
2459647.82019,2022-03-09.3203202,bk,1.42,16.297,13.344,0.015,16.690,0.231,g
2459648.75250,2022-03-10.2525332,bk,1.46,16.313,13.332,0.015,16.884,0.227,g
2459648.75374,2022-03-10.2537761,bk,1.43,16.211,13.252,0.015,18.171,0.246,g
2459648.75499,2022-03-10.2550304,bk,1.48,16.245,13.298,0.015,17.411,0.246,g
2459648.77153,2022-03-10.2715704,bk,1.55,16.232,13.302,0.016,17.337,0.247,g
2459648.77278,2022-03-10.2728111,bk,1.52,16.264,13.270,0.014,17.862,0.235,g
2459648.77402,2022-03-10.2740564,bk,1.51,16.193,13.309,0.015,17.240,0.248,g
2459649.74861,2022-03-11.2485569,bk,1.45,16.267,13.228,0.014,18.582,0.236,g
2459649.74986,2022-03-11.2498021,bk,1.50,16.230,13.221,0.015,18.689,0.246,g
2459649.75110,2022-03-11.2510452,bk,1.53,16.211,13.288,0.016,17.578,0.249,g
2459649.78839,2022-03-11.2883277,bG,1.46,16.143,13.242,0.016,18.335,0.263,g
2459649.78970,2022-03-11.2896403,bG,1.49,16.141,13.263,0.016,17.982,0.267,g
2459649.79100,2022-03-11.2909408,bG,1.41,16.158,13.245,0.016,18.274,0.261,g
2459649.82516,2022-03-11.3250917,bG,1.45,16.150,13.242,0.016,18.343,0.261,g
2459649.82646,2022-03-11.3263940,bG,1.45,16.172,13.247,0.015,18.241,0.255,g
2459649.82776,2022-03-11.3276901,bG,1.42,16.237,13.264,0.015,17.972,0.246,g
2459650.83394,2022-03-12.3337790,bk,1.45,16.241,13.240,0.015,18.373,0.241,g
2459650.83518,2022-03-12.3350207,bk,1.43,16.327,13.236,0.014,18.428,0.228,g
2459650.83643,2022-03-12.3362673,bk,1.40,16.210,13.226,0.014,18.612,0.243,g
2459650.88231,2022-03-12.3821453,bk,1.46,16.283,13.220,0.014,18.701,0.235,g
2459650.88355,2022-03-12.3833861,bk,1.41,16.303,13.259,0.014,18.042,0.234,g
2459650.88479,2022-03-12.3846313,bk,1.41,16.312,13.236,0.014,18.428,0.230,g
2459651.84269,2022-03-13.3424369,bk,1.49,16.268,13.216,0.014,18.773,0.240,g
2459651.84392,2022-03-13.3436774,bk,1.44,16.200,13.239,0.014,18.382,0.248,g
2459651.84519,2022-03-13.3449321,bk,1.43,16.284,13.210,0.014,18.875,0.233,g
2459652.80169,2022-03-14.3013538,bG,1.45,16.111,13.191,0.016,19.217,0.273,g
2459652.80298,2022-03-14.3026380,bG,1.42,16.195,13.192,0.015,19.197,0.252,g
2459652.80428,2022-03-14.3039371,bG,1.45,16.117,13.214,0.016,18.814,0.270,g
2459652.88837,2022-03-14.3880126,bk,1.43,16.234,13.185,0.014,19.324,0.249,g
2459652.88961,2022-03-14.3892539,bk,1.46,16.230,13.225,0.015,18.624,0.244,g
2459652.89085,2022-03-14.3904968,bk,1.44,16.299,13.199,0.014,19.067,0.229,g
2459654.48885,2022-03-15.9883493,bo,1.52,15.688,13.177,0.022,19.456,0.393,g
2459654.49011,2022-03-15.9896075,bo,1.55,15.659,13.242,0.024,18.334,0.400,g
2459654.49136,2022-03-15.9908586,bo,1.56,15.623,13.240,0.024,18.367,0.415,g
2459655.73500,2022-03-17.2343734,bG,1.50,15.648,13.264,0.024,17.976,0.407,g
2459655.73630,2022-03-17.2356717,bG,1.50,15.634,13.221,0.025,18.694,0.417,g
2459655.73758,2022-03-17.2369688,bG,1.53,15.643,13.297,0.026,17.418,0.411,g
2459656.75634,2022-03-18.2556255,bG,1.44,15.661,13.304,0.025,17.310,0.402,g
2459656.75763,2022-03-18.2569211,bG,1.45,15.683,13.270,0.025,17.870,0.396,g
2459656.75893,2022-03-18.2582189,bG,1.52,15.837,13.264,0.021,17.971,0.346,g
2459656.78079,2022-03-18.2800733,bG,1.42,15.770,13.261,0.023,18.015,0.366,g
2459656.78209,2022-03-18.2813694,bG,1.40,15.785,13.253,0.022,18.137,0.362,g
2459656.78340,2022-03-18.2826751,bG,1.44,15.770,13.258,0.022,18.061,0.364,g
2459656.80776,2022-03-18.3070325,bG,1.43,15.851,13.246,0.021,18.262,0.343,g
2459656.80904,2022-03-18.3083189,bG,1.44,15.795,13.265,0.022,17.950,0.358,g
2459656.81034,2022-03-18.3096167,bG,1.52,15.878,13.316,0.021,17.118,0.330,g
2459658.74121,2022-03-20.2403092,bk,1.42,15.925,13.214,0.018,18.819,0.316,g
2459658.74245,2022-03-20.2415508,bk,1.41,15.802,13.256,0.022,18.087,0.357,g
2459658.74369,2022-03-20.2427902,bk,1.43,15.640,13.188,0.024,19.258,0.413,g
2459658.79856,2022-03-20.2976533,bk,1.41,15.873,13.273,0.021,17.824,0.336,g
2459658.79982,2022-03-20.2989070,bk,1.49,15.916,13.258,0.020,18.069,0.323,g
2459658.80105,2022-03-20.3001407,bk,1.50,15.868,13.241,0.020,18.358,0.341,g
2459659.82060,2022-03-21.3196028,bk,1.45,15.921,13.224,0.019,18.641,0.321,g
2459659.82185,2022-03-21.3208494,bk,1.42,16.023,13.201,0.017,19.034,0.296,g
2459659.82309,2022-03-21.3220891,bk,1.52,15.857,13.219,0.019,18.725,0.335,g
2459659.85129,2022-03-21.3502851,bG,1.48,16.009,13.166,0.017,19.676,0.298,g
2459659.85260,2022-03-21.3515865,bG,1.50,15.960,13.211,0.017,18.869,0.307,g
2459659.85388,2022-03-21.3528800,bG,1.50,15.917,13.197,0.018,19.121,0.318,g
2459660.81939,2022-03-22.3182980,bk,1.55,15.956,13.183,0.018,19.358,0.314,g
2459660.82064,2022-03-22.3195353,bk,1.95,15.937,13.202,0.019,19.017,0.320,g
2459661.74819,2022-03-23.2469979,bk,1.41,15.994,13.126,0.017,20.402,0.303,g
2459661.74944,2022-03-23.2482538,bk,1.42,16.007,13.127,0.015,20.369,0.292,g
2459661.75069,2022-03-23.2495016,bk,1.48,15.979,13.154,0.017,19.896,0.305,g
2459663.85904,2022-03-25.3576634,bk,1.47,16.062,13.061,0.014,21.673,0.280,g
2459663.86030,2022-03-25.3589204,bk,1.45,16.126,13.037,0.014,22.157,0.271,g
2459663.86155,2022-03-25.3601763,bk,1.46,16.150,13.051,0.014,21.860,0.263,g
2459664.73852,2022-03-26.2370589,bG,1.43,16.045,13.056,0.014,21.757,0.287,g
2459664.73982,2022-03-26.2383545,bG,1.37,16.020,13.071,0.014,21.456,0.291,g
2459664.74113,2022-03-26.2396642,bG,1.45,15.957,13.077,0.016,21.338,0.316,g
2459665.86148,2022-03-27.3599129,bG,1.41,16.164,13.097,0.014,20.950,0.267,g
2459665.86276,2022-03-27.3612019,bG,1.42,16.152,13.118,0.014,20.541,0.268,g
2459665.86406,2022-03-27.3624978,bG,1.42,16.122,13.099,0.014,20.914,0.273,g
2459666.73467,2022-03-28.2330246,bk,1.44,16.218,13.197,0.014,19.102,0.241,g
2459666.73591,2022-03-28.2342737,bk,1.46,16.185,13.175,0.014,19.504,0.252,g
2459666.73718,2022-03-28.2355297,bk,1.54,16.195,13.145,0.014,20.040,0.251,g
2459666.77052,2022-03-28.2688815,bG,1.48,16.127,13.145,0.015,20.053,0.272,g
2459666.77182,2022-03-28.2701820,bG,1.47,16.199,13.188,0.015,19.265,0.254,g
2459666.77312,2022-03-28.2714814,bG,1.51,16.183,13.147,0.014,19.999,0.255,g
2459666.80983,2022-03-28.3081870,bG,1.48,16.153,13.146,0.015,20.032,0.265,g
2459666.81113,2022-03-28.3094875,bG,1.47,16.134,13.142,0.014,20.117,0.262,g
2459666.81242,2022-03-28.3107752,bG,1.47,16.180,13.156,0.014,19.829,0.257,g
2459667.72569,2022-03-29.2239540,bG,1.44,16.160,13.233,0.016,18.499,0.265,g
2459667.72698,2022-03-29.2252560,bG,1.50,16.207,13.251,0.015,18.186,0.257,g
2459667.72828,2022-03-29.2265512,bG,1.47,16.213,13.202,0.015,19.024,0.251,g
2459669.69499,2022-03-31.1930753,bk,2.01,16.159,13.264,0.015,17.978,0.255,g
2459669.69624,2022-03-31.1943289,bk,2.04,16.168,13.272,0.015,17.837,0.255,g
2459669.69749,2022-03-31.1955887,bk,2.03,16.136,13.263,0.015,17.968,0.263,g
2459670.71150,2022-04-01.2095065,bG,1.44,16.175,13.278,0.015,17.743,0.254,g
2459670.71281,2022-04-01.2108120,bG,1.45,16.160,13.284,0.016,17.634,0.260,g
2459670.71411,2022-04-01.2121129,bG,1.44,16.163,13.323,0.017,17.027,0.264,g
2459670.76349,2022-04-01.2614925,bG,1.42,16.145,13.304,0.016,17.316,0.259,g
2459670.76480,2022-04-01.2627943,bG,1.47,16.204,13.292,0.015,17.505,0.246,g
2459670.76609,2022-04-01.2640881,bG,1.43,16.213,13.271,0.015,17.854,0.246,g
2459671.77452,2022-04-02.2724313,bG,1.42,16.158,13.261,0.016,18.008,0.259,g
2459671.77582,2022-04-02.2737259,bG,1.46,16.109,13.272,0.017,17.830,0.274,g
2459671.77712,2022-04-02.2750271,bG,1.44,16.211,13.249,0.015,18.205,0.251,g
2459671.82447,2022-04-02.3223787,bG,1.43,16.201,13.302,0.016,17.333,0.251,g
2459671.82577,2022-04-02.3236810,bG,1.44,16.227,13.268,0.015,17.900,0.244,g
2459671.82707,2022-04-02.3249736,bG,1.51,16.251,13.271,0.015,17.852,0.240,g
2459671.84193,2022-04-02.3398342,bk,1.43,16.285,13.298,0.015,17.417,0.231,g
2459671.84317,2022-04-02.3410806,bk,1.48,16.270,13.318,0.015,17.088,0.237,g
2459671.84442,2022-04-02.3423189,bk,1.42,16.333,13.283,0.013,17.659,0.219,g
2459673.44127,2022-04-03.9390378,bo,1.55,15.893,13.220,0.019,18.693,0.325,g
2459673.44253,2022-04-03.9402864,bo,1.50,15.902,13.232,0.019,18.506,0.322,g
2459673.44379,2022-04-03.9415516,bo,1.47,15.952,13.218,0.019,18.743,0.312,g
2459674.67594,2022-04-05.1735961,bk,1.49,16.232,13.237,0.014,18.414,0.239,g
2459674.67717,2022-04-05.1748331,bk,1.46,16.237,13.212,0.013,18.862,0.238,g
2459674.67844,2022-04-05.1760901,bk,1.44,16.236,13.209,0.014,18.891,0.246,g
2459675.69404,2022-04-06.1916084,bG,1.49,16.139,13.195,0.014,19.147,0.262,g
2459675.69533,2022-04-06.1928925,bG,1.48,16.173,13.202,0.015,19.020,0.262,g
2459675.69662,2022-04-06.1941857,bG,1.46,16.098,13.181,0.016,19.396,0.282,g
2459675.69760,2022-04-06.1951657,bk,1.43,16.249,13.231,0.015,18.530,0.240,g
2459675.69884,2022-04-06.1964097,bk,1.44,16.184,13.213,0.014,18.835,0.248,g
2459675.70008,2022-04-06.1976561,bk,1.47,16.170,13.189,0.015,19.253,0.258,g
2459676.68877,2022-04-07.1862479,bk,1.44,16.197,13.190,0.014,19.240,0.248,g
2459676.69000,2022-04-07.1874840,bk,1.51,16.180,13.184,0.014,19.342,0.251,g
2459676.69125,2022-04-07.1887364,bk,1.44,16.202,13.210,0.014,18.882,0.245,g
2459677.68626,2022-04-08.1836663,bG,1.42,16.199,13.230,0.014,18.544,0.248,g
2459677.68756,2022-04-08.1849606,bG,1.45,16.190,13.252,0.015,18.159,0.250,g
2459677.68885,2022-04-08.1862465,bG,1.50,16.126,13.214,0.016,18.814,0.271,g
2459678.68213,2022-04-09.1794524,bG,1.45,16.178,13.284,0.016,17.649,0.258,g
2459678.68343,2022-04-09.1807539,bG,1.46,16.136,13.235,0.016,18.441,0.267,g
2459678.68474,2022-04-09.1820603,bG,1.48,16.150,13.239,0.016,18.382,0.262,g
2459679.68043,2022-04-10.1776631,bG,1.44,16.069,13.259,0.017,18.053,0.280,g
2459679.68173,2022-04-10.1789685,bG,1.42,16.126,13.278,0.017,17.727,0.269,g
2459679.68303,2022-04-10.1802629,bG,1.46,16.105,13.273,0.017,17.818,0.275,g
2459681.66123,2022-04-12.1582994,bG,1.45,15.940,13.254,0.019,18.138,0.316,g
2459681.66252,2022-04-12.1595910,bG,1.44,15.970,13.222,0.018,18.676,0.307,g
2459681.66382,2022-04-12.1608925,bG,1.43,15.907,13.240,0.020,18.354,0.324,g
2459682.66943,2022-04-13.1664162,bk,1.53,15.974,13.185,0.017,19.311,0.305,g
2459682.67067,2022-04-13.1676629,bk,1.48,16.007,13.216,0.017,18.767,0.296,g
2459682.67192,2022-04-13.1689024,bk,1.51,15.907,13.198,0.018,19.078,0.321,g
2459682.70503,2022-04-13.2020192,bG,1.42,15.965,13.182,0.017,19.377,0.306,g
2459682.70632,2022-04-13.2033125,bG,1.52,15.995,13.167,0.017,19.648,0.304,g
2459682.70763,2022-04-13.2046185,bG,1.46,16.063,13.178,0.016,19.438,0.288,g
2459683.72561,2022-04-14.2225146,bk,1.54,15.918,13.153,0.017,19.909,0.317,g
2459683.72685,2022-04-14.2237586,bk,1.57,15.884,13.143,0.018,20.082,0.329,g
2459683.72810,2022-04-14.2250074,bk,1.96,15.931,13.154,0.017,19.896,0.315,g
2459684.76111,2022-04-15.2579344,bk,1.50,15.990,13.138,0.016,20.177,0.299,g
2459684.76235,2022-04-15.2591797,bk,1.54,15.904,13.096,0.017,20.973,0.332,g
2459684.76360,2022-04-15.2604296,bk,1.52,15.883,13.133,0.018,20.267,0.337,g
2459684.78388,2022-04-15.2807060,bk,2.02,15.847,13.092,0.018,21.053,0.347,g
2459684.78512,2022-04-15.2819453,bk,2.02,15.851,13.101,0.018,20.876,0.347,g
2459684.78638,2022-04-15.2832001,bk,2.02,15.900,13.100,0.018,20.897,0.334,g
2459686.71420,2022-04-17.2108773,bG,1.46,15.681,13.086,0.020,21.167,0.396,g
2459686.71550,2022-04-17.2121762,bG,1.45,15.755,13.097,0.020,20.947,0.378,g
2459686.71679,2022-04-17.2134623,bG,1.46,15.758,13.056,0.019,21.762,0.372,g
2459686.75769,2022-04-17.2543634,bk,1.94,15.601,13.024,0.021,22.413,0.430,g
2459686.75894,2022-04-17.2556184,bk,1.97,15.604,13.091,0.023,21.077,0.427,g
2459686.76018,2022-04-17.2568567,bk,1.96,15.629,13.104,0.022,20.820,0.418,g
2459686.81957,2022-04-17.3162420,bG,1.53,15.694,13.049,0.020,21.910,0.396,g
2459686.82087,2022-04-17.3175396,bG,1.39,15.861,13.064,0.018,21.598,0.343,g
2459686.82217,2022-04-17.3188379,bG,1.42,15.752,13.061,0.018,21.656,0.371,g
2459686.85695,2022-04-17.3536146,bk,1.92,15.739,13.061,0.019,21.658,0.375,g
2459686.85819,2022-04-17.3548528,bk,1.47,15.775,13.110,0.020,20.706,0.368,g
2459686.85943,2022-04-17.3560980,bk,1.93,15.690,13.051,0.019,21.867,0.391,g
2459687.66893,2022-04-18.1655407,bo,2.06,14.869,13.352,0.057,16.571,0.858,g
2459687.67017,2022-04-18.1667802,bo,2.35,14.458,13.126,0.068,20.392,1.252,g
2459687.67141,2022-04-18.1680207,bo,2.22,14.580,13.347,0.074,16.642,1.123,g
2459691.77854,2022-04-22.2748487,bG,1.45,16.078,13.274,0.018,17.797,0.286,g
2459691.77985,2022-04-22.2761503,bG,1.53,16.084,13.317,0.017,17.109,0.274,g
2459691.78114,2022-04-22.2774430,bG,1.44,15.993,13.262,0.019,17.994,0.305,g
2459692.74414,2022-04-23.2403813,bk,1.50,16.240,13.286,0.014,17.595,0.237,g
2459692.74537,2022-04-23.2416115,bk,1.45,16.103,13.237,0.016,18.407,0.267,g
2459692.74660,2022-04-23.2428403,bk,1.49,16.129,13.291,0.016,17.533,0.263,g
2459693.80271,2022-04-24.2988732,bG,1.42,16.201,13.288,0.016,17.565,0.254,g
2459693.80400,2022-04-24.3001599,bG,1.54,16.146,13.271,0.016,17.852,0.261,g
2459693.80527,2022-04-24.3014452,bG,1.56,16.132,13.286,0.016,17.599,0.263,g
2459694.85350,2022-04-25.3495925,bG,1.44,16.183,13.250,0.016,18.202,0.258,g
2459694.85479,2022-04-25.3508746,bG,1.42,16.127,13.274,0.017,17.791,0.269,g
2459694.85608,2022-04-25.3521642,bG,1.42,16.138,13.256,0.016,18.085,0.270,g
2459695.78076,2022-04-26.2767966,bG,1.42,16.140,13.226,0.015,18.615,0.260,g
2459695.78206,2022-04-26.2781009,bG,1.41,16.155,13.238,0.016,18.392,0.260,g
2459695.78335,2022-04-26.2793822,bG,1.42,16.103,13.241,0.017,18.343,0.274,g
2459696.75521,2022-04-27.2511797,bG,1.45,16.159,13.209,0.015,18.897,0.264,g
2459696.75650,2022-04-27.2524619,bG,1.46,16.198,13.218,0.015,18.753,0.251,g
2459696.75779,2022-04-27.2537652,bG,1.48,16.168,13.215,0.015,18.784,0.262,g
2459697.88283,2022-04-28.3787240,bG,1.42,16.131,13.213,0.016,18.823,0.268,g
2459697.88412,2022-04-28.3800140,bG,1.49,16.148,13.195,0.015,19.154,0.261,g
2459697.88540,2022-04-28.3813009,bG,1.44,16.152,13.234,0.016,18.476,0.265,g
2459698.83035,2022-04-29.3261846,bG,1.45,16.184,13.225,0.014,18.617,0.252,g
2459698.83164,2022-04-29.3274755,bG,1.46,16.114,13.201,0.016,19.030,0.273,g
2459698.83293,2022-04-29.3287703,bG,1.48,16.184,13.219,0.014,18.724,0.249,g
2459699.84564,2022-04-30.3414069,bG,1.41,15.876,13.222,0.020,18.665,0.334,g
2459699.84694,2022-04-30.3427116,bG,1.42,15.740,13.242,0.023,18.328,0.379,g
2459699.84825,2022-04-30.3440119,bG,1.41,15.465,13.253,0.028,18.161,0.480,g
2459700.71327,2022-05-01.2089875,bk,1.48,16.301,13.267,0.014,17.918,0.231,g
2459700.71451,2022-05-01.2102307,bk,1.46,16.353,13.279,0.014,17.712,0.218,g
2459700.71574,2022-05-01.2114673,bk,1.43,16.269,13.254,0.015,18.123,0.239,g
2459700.78015,2022-05-01.2758597,bk,1.48,16.203,13.273,0.016,17.815,0.251,g
2459700.78139,2022-05-01.2771021,bk,1.53,16.234,13.253,0.014,18.140,0.241,g
2459700.78263,2022-05-01.2783440,bk,1.56,16.296,13.283,0.015,17.648,0.233,g
2459702.51391,2022-05-03.0095194,bo,1.52,16.096,13.318,0.019,17.096,0.293,g
2459702.51519,2022-05-03.0107975,bo,1.47,16.079,13.329,0.018,16.912,0.286,g
2459702.51644,2022-05-03.0120424,bo,1.49,15.948,13.269,0.020,17.873,0.319,g
2459703.60266,2022-05-04.0982131,bG,1.45,16.090,13.256,0.017,18.086,0.278,g
2459703.60394,2022-05-04.0994961,bG,1.43,16.180,13.266,0.016,17.933,0.260,g
2459703.60524,2022-05-04.1007950,bG,1.47,16.149,13.302,0.017,17.359,0.263,g
2459703.65012,2022-05-04.1456753,bG,1.51,16.175,13.260,0.016,18.039,0.255,g
2459703.65142,2022-05-04.1469643,bG,1.50,16.165,13.287,0.016,17.595,0.259,g
2459703.65269,2022-05-04.1482481,bG,1.51,16.160,13.277,0.016,17.750,0.262,g
2459704.63410,2022-05-05.1295920,bG,1.43,16.151,13.265,0.016,17.955,0.263,g
2459704.63539,2022-05-05.1308840,bG,1.43,16.165,13.222,0.015,18.676,0.262,g
2459704.63670,2022-05-05.1321938,bG,1.45,16.124,13.268,0.017,17.891,0.273,g
2459705.77722,2022-05-06.2726542,bG,1.46,15.317,13.145,0.031,20.047,0.559,g
2459705.77851,2022-05-06.2739478,bG,1.51,15.576,13.155,0.024,19.871,0.435,g
2459705.77980,2022-05-06.2752280,bG,1.50,15.572,13.141,0.023,20.124,0.437,g
2459706.60412,2022-05-07.0995049,bk,1.48,16.141,13.134,0.015,20.243,0.267,g
2459706.60537,2022-05-07.1007535,bk,1.48,16.106,13.103,0.014,20.828,0.269,g
2459706.60662,2022-05-07.1020092,bk,1.47,16.179,13.123,0.014,20.459,0.255,g
2459708.66104,2022-05-09.1563209,bk,1.50,16.104,13.038,0.013,22.126,0.269,g
2459708.66229,2022-05-09.1575717,bk,1.52,16.139,13.041,0.014,22.062,0.267,g
2459708.66354,2022-05-09.1588182,bk,1.45,16.164,13.088,0.013,21.133,0.257,g
2459710.58800,2022-05-11.0831855,bG,1.38,15.922,13.094,0.017,21.006,0.325,g
2459710.58931,2022-05-11.0844888,bG,1.45,15.901,13.100,0.018,20.891,0.331,g
2459710.59061,2022-05-11.0857885,bG,1.46,15.995,13.071,0.016,21.467,0.307,g
2459711.72398,2022-05-12.2191158,bG,1.40,16.017,13.141,0.016,20.112,0.300,g
2459711.72528,2022-05-12.2204175,bG,1.47,16.017,13.143,0.016,20.087,0.294,g
2459711.72658,2022-05-12.2217093,bG,1.43,16.019,13.115,0.016,20.611,0.300,g
2459714.40899,2022-05-14.9040135,bo,1.47,15.478,13.328,0.031,16.942,0.477,g
2459714.41025,2022-05-14.9052587,bo,1.42,15.433,13.313,0.031,17.168,0.494,g
2459714.41148,2022-05-14.9064969,bo,1.51,15.645,13.344,0.027,16.699,0.411,g
2459715.61913,2022-05-16.1140957,bk,1.43,15.930,13.299,0.020,17.387,0.318,g
2459715.62037,2022-05-16.1153350,bk,1.47,15.944,13.278,0.020,17.730,0.314,g
2459715.62162,2022-05-16.1165862,bk,1.51,15.793,13.322,0.022,17.040,0.356,g
2459715.63439,2022-05-16.1293498,bk,1.49,16.197,13.285,0.016,17.623,0.253,g
2459715.63562,2022-05-16.1305868,bk,1.51,16.201,13.299,0.016,17.386,0.251,g
2459715.63687,2022-05-16.1318321,bk,1.50,16.213,13.265,0.015,17.957,0.249,g
2459719.80336,2022-05-20.2981741,bk,1.53,16.045,13.243,0.017,18.318,0.284,g
2459719.80460,2022-05-20.2994112,bk,1.48,16.024,13.212,0.016,18.851,0.289,g
2459719.80584,2022-05-20.3006562,bk,1.43,16.092,13.268,0.016,17.907,0.271,g
2459721.87293,2022-05-22.3676741,bk,1.50,16.203,13.256,0.014,18.091,0.247,g
2459721.87417,2022-05-22.3689203,bk,1.50,16.174,13.272,0.016,17.830,0.255,g
2459721.87543,2022-05-22.3701715,bk,1.52,16.256,13.276,0.015,17.762,0.237,g
2459722.69439,2022-05-23.1891082,bk,1.41,16.271,13.252,0.015,18.164,0.235,g
2459722.69563,2022-05-23.1903502,bk,1.44,16.259,13.269,0.014,17.884,0.235,g
2459722.69689,2022-05-23.1916010,bk,1.46,16.297,13.294,0.014,17.467,0.226,g
2459723.86780,2022-05-24.3624877,bG,1.48,15.408,13.296,0.032,17.438,0.508,g
2459723.86910,2022-05-24.3637767,bG,1.44,15.475,13.271,0.029,17.841,0.475,g
2459723.87038,2022-05-24.3650716,bG,1.43,15.641,13.260,0.024,18.031,0.410,g
2459724.69373,2022-05-25.1883850,bk,1.50,16.121,13.307,0.016,17.268,0.265,g
2459724.69497,2022-05-25.1896347,bk,1.44,16.050,13.291,0.018,17.534,0.287,g
2459724.69622,2022-05-25.1908762,bk,1.49,15.814,13.281,0.021,17.683,0.346,g
2459724.72788,2022-05-25.2225372,bk,1.45,15.998,13.311,0.018,17.193,0.296,g
2459724.72911,2022-05-25.2237685,bk,1.42,16.093,13.272,0.017,17.836,0.275,g
2459724.73034,2022-05-25.2249961,bk,1.42,15.885,13.284,0.020,17.639,0.324,g
2459725.81760,2022-05-26.3122283,bk,1.44,16.299,13.327,0.015,16.964,0.230,g
2459725.81884,2022-05-26.3134653,bk,1.51,16.324,13.305,0.014,17.286,0.221,g
2459725.82009,2022-05-26.3147282,bk,1.48,16.336,13.308,0.013,17.255,0.220,g
2459726.75071,2022-05-27.2453282,bk,1.51,16.258,13.279,0.014,17.718,0.234,g
2459726.75197,2022-05-27.2465804,bk,1.43,16.330,13.290,0.013,17.555,0.219,g
2459726.75322,2022-05-27.2478302,bk,1.47,16.322,13.304,0.014,17.321,0.221,g
2459726.76544,2022-05-27.2600465,bk,1.42,16.288,13.279,0.014,17.712,0.229,g
2459726.76669,2022-05-27.2612942,bk,1.42,16.307,13.221,0.014,18.692,0.228,g
2459726.76793,2022-05-27.2625420,bk,1.55,16.297,13.256,0.013,18.087,0.225,g
2459727.38866,2022-05-27.8832469,bo,1.44,16.051,13.245,0.017,18.270,0.287,g
2459727.38988,2022-05-27.8844855,bo,1.47,16.000,13.273,0.019,17.808,0.299,g
2459727.39114,2022-05-27.8857262,bo,1.45,16.017,13.278,0.019,17.733,0.293,g
2459729.44007,2022-05-29.9346201,bo,1.48,15.916,13.118,0.018,20.560,0.324,g
2459729.44132,2022-05-29.9358734,bo,1.57,15.904,13.145,0.018,20.031,0.328,g
2459729.44257,2022-05-29.9371260,bo,1.45,15.917,13.106,0.017,20.771,0.324,g
2459730.35360,2022-05-30.8481344,bo,1.51,15.912,13.111,0.017,20.685,0.319,g
2459730.35541,2022-05-30.8499539,bo,1.55,15.994,13.145,0.016,20.032,0.300,g
2459736.56713,2022-06-06.0615783,bG,1.44,16.128,13.229,0.016,18.560,0.268,g
2459736.56841,2022-06-06.0628665,bG,1.51,16.147,13.251,0.015,18.184,0.261,g
2459736.56971,2022-06-06.0641650,bG,1.50,16.126,13.259,0.017,18.049,0.267,g
2459738.50725,2022-06-08.0016943,bG,1.43,16.005,13.353,0.020,16.550,0.298,g
2459738.50854,2022-06-08.0029850,bG,1.40,16.029,13.301,0.018,17.355,0.290,g
2459738.50984,2022-06-08.0042761,bG,1.49,15.976,13.288,0.019,17.569,0.306,g
2459739.87051,2022-06-09.3649443,bk,1.50,16.279,13.267,0.014,17.912,0.230,g
2459739.87175,2022-06-09.3661827,bk,1.50,16.233,13.286,0.015,17.599,0.242,g
2459739.87300,2022-06-09.3674351,bk,1.47,16.249,13.278,0.014,17.724,0.236,g
2459740.31855,2022-06-09.8129876,bo,1.38,15.752,13.302,0.023,17.353,0.369,g
2459740.31981,2022-06-09.8142375,bo,1.43,15.896,13.287,0.021,17.594,0.327,g
2459740.32105,2022-06-09.8154782,bo,1.51,15.690,13.282,0.024,17.660,0.392,g
2459740.36040,2022-06-09.8548415,bo,1.42,15.844,13.291,0.022,17.519,0.343,g
2459740.36164,2022-06-09.8560789,bo,1.45,15.894,13.277,0.021,17.756,0.328,g
2459740.36289,2022-06-09.8573243,bo,1.42,15.794,13.263,0.021,17.980,0.357,g
2459741.55818,2022-06-11.0526207,bk,2.01,15.996,13.262,0.019,18.011,0.301,g
2459741.55945,2022-06-11.0538752,bk,2.00,15.892,13.283,0.021,17.659,0.330,g
2459741.56068,2022-06-11.0551148,bk,1.99,15.997,13.237,0.018,18.424,0.301,g
2459742.57339,2022-06-12.0678216,bk,1.45,15.888,13.289,0.021,17.556,0.330,g
2459742.57465,2022-06-12.0690751,bk,1.39,15.888,13.204,0.018,18.969,0.325,g
2459742.57588,2022-06-12.0703113,bk,1.45,15.927,13.200,0.019,19.063,0.321,g
2459742.58486,2022-06-12.0792922,bk,1.50,15.896,13.280,0.020,17.700,0.324,g
2459742.58610,2022-06-12.0805354,bk,1.49,15.930,13.251,0.019,18.183,0.313,g
2459742.58735,2022-06-12.0817795,bk,1.45,15.869,13.263,0.020,17.990,0.330,g
2459742.65855,2022-06-12.1529797,bG,1.50,15.917,13.239,0.020,18.384,0.327,g
2459742.65984,2022-06-12.1542677,bG,1.49,15.958,13.277,0.020,17.747,0.310,g
2459742.66115,2022-06-12.1555790,bG,1.45,15.892,13.243,0.020,18.316,0.330,g
2459743.69414,2022-06-13.1885748,bk,1.92,15.908,13.258,0.020,18.066,0.325,g
2459743.69540,2022-06-13.1898305,bk,1.52,15.756,13.262,0.022,18.008,0.367,g
2459743.69663,2022-06-13.1910582,bk,1.95,15.759,13.284,0.023,17.639,0.371,g
2459743.71814,2022-06-13.2125796,bG,1.48,15.666,13.214,0.024,18.818,0.404,g
2459743.71944,2022-06-13.2138752,bG,1.50,15.758,13.264,0.023,17.962,0.372,g
2459743.72074,2022-06-13.2151763,bG,1.45,15.687,13.174,0.023,19.514,0.396,g
2459745.76484,2022-06-15.2592793,bG,1.49,15.742,13.298,0.023,17.417,0.372,g
2459745.76614,2022-06-15.2605759,bG,1.46,15.564,13.283,0.027,17.661,0.440,g
2459745.76743,2022-06-15.2618723,bG,1.43,15.505,13.307,0.029,17.271,0.462,g
2459746.62620,2022-06-16.1206553,bk,1.48,15.784,13.315,0.024,17.141,0.361,g
2459746.62747,2022-06-16.1219206,bk,1.53,15.874,13.284,0.021,17.631,0.334,g
2459746.62871,2022-06-16.1231589,bk,1.56,15.687,13.330,0.025,16.892,0.390,g
2459746.68500,2022-06-16.1794505,bG,1.42,15.752,13.298,0.023,17.412,0.370,g
2459746.68630,2022-06-16.1807497,bG,1.42,15.699,13.296,0.025,17.445,0.390,g
2459746.68760,2022-06-16.1820519,bG,1.42,15.813,13.343,0.023,16.701,0.350,g
2459747.83809,2022-06-17.3325574,bG,1.49,15.819,13.299,0.021,17.404,0.349,g
2459747.83939,2022-06-17.3338541,bG,1.49,15.862,13.331,0.021,16.901,0.333,g
2459747.84068,2022-06-17.3351414,bG,1.42,15.764,13.349,0.024,16.612,0.366,g
2459749.72716,2022-06-19.2216356,bG,1.49,15.739,13.258,0.023,18.061,0.377,g
2459749.72844,2022-06-19.2229284,bG,1.54,15.530,13.241,0.027,18.342,0.453,g
2459749.72974,2022-06-19.2242287,bG,1.52,15.824,13.259,0.021,18.052,0.347,g
2459751.83179,2022-06-21.3262935,bG,1.44,15.707,13.155,0.022,19.858,0.390,g
2459751.83309,2022-06-21.3275939,bG,1.41,15.615,13.158,0.024,19.812,0.422,g
2459751.83437,2022-06-21.3288807,bG,1.48,15.995,13.122,0.016,20.482,0.305,g
2459755.53323,2022-06-25.0278070,bk,1.60,14.974,13.040,0.037,22.082,0.752,g
2459755.53445,2022-06-25.0290376,bk,1.57,15.216,13.056,0.030,21.756,0.605,g
2459755.53571,2022-06-25.0302793,bk,1.56,15.096,13.091,0.035,21.083,0.670,g
2459755.78088,2022-06-25.2754590,bG,1.51,15.350,13.067,0.027,21.545,0.532,g
2459755.78216,2022-06-25.2767465,bG,1.45,15.202,13.158,0.033,19.803,0.609,g
2459755.78346,2022-06-25.2780424,bG,1.50,15.028,13.126,0.038,20.387,0.713,g
2459755.81325,2022-06-25.3078259,bk,1.41,14.812,13.014,0.042,22.603,0.870,g
2459755.81447,2022-06-25.3090643,bk,1.43,15.064,13.042,0.034,22.046,0.692,g
2459755.81573,2022-06-25.3103153,bk,1.41,15.281,13.127,0.030,20.397,0.566,g
2459756.69415,2022-06-26.1887576,bk,1.51,14.878,13.163,0.045,19.713,0.821,g
2459756.69539,2022-06-26.1900027,bk,1.48,15.369,13.137,0.028,20.184,0.526,g
2459756.69663,2022-06-26.1912412,bk,1.52,15.257,13.121,0.031,20.500,0.582,g
2459756.71927,2022-06-26.2138758,bG,1.39,15.446,13.082,0.026,21.257,0.493,g
2459756.72059,2022-06-26.2151861,bG,1.46,15.708,13.112,0.021,20.669,0.397,g
2459756.72188,2022-06-26.2164856,bG,1.44,15.934,13.135,0.018,20.232,0.319,g
2459757.56982,2022-06-27.0644491,bo,1.52,15.880,13.157,0.018,19.815,0.331,g
2459757.57105,2022-06-27.0656813,bo,1.67,15.861,13.162,0.018,19.724,0.337,g
2459757.57231,2022-06-27.0669253,bo,1.55,15.922,13.223,0.019,18.656,0.321,g
2459757.60421,2022-06-27.0988333,bG,1.54,13.635,13.572,0.208,13.529,2.561,g
2459757.60550,2022-06-27.1001245,bG,1.57,14.177,13.194,0.089,19.160,1.559,g
2459759.55136,2022-06-29.0460370,bG,1.47,16.248,13.250,0.015,18.201,0.247,g
2459759.55266,2022-06-29.0473364,bG,1.42,16.169,13.239,0.016,18.380,0.257,g
2459759.55395,2022-06-29.0486228,bG,1.47,16.240,13.248,0.015,18.234,0.242,g
2459759.55456,2022-06-29.0492371,bk,1.52,16.179,13.252,0.015,18.162,0.252,g
2459759.55580,2022-06-29.0504766,bk,1.53,16.237,13.243,0.014,18.317,0.239,g
2459760.63426,2022-06-30.1289682,bk,1.41,16.221,13.317,0.015,17.110,0.241,g
2459760.63551,2022-06-30.1302181,bk,1.50,16.292,13.271,0.013,17.850,0.228,g
2459760.63676,2022-06-30.1314701,bk,1.46,16.241,13.320,0.016,17.063,0.242,g
2459761.62019,2022-07-01.1149265,bk,1.46,16.330,13.303,0.013,17.328,0.220,g
2459761.62144,2022-07-01.1161694,bk,1.53,16.307,13.294,0.014,17.476,0.226,g
2459761.62267,2022-07-01.1174087,bk,1.50,16.280,13.275,0.015,17.785,0.237,g
2459762.78319,2022-07-02.2779687,bk,1.47,16.275,13.271,0.014,17.844,0.229,g
2459762.78444,2022-07-02.2792118,bk,1.43,16.236,13.258,0.014,18.053,0.238,g
2459762.78570,2022-07-02.2804672,bk,1.45,16.276,13.229,0.013,18.549,0.231,g
2459764.54627,2022-07-04.0410934,bG,1.47,16.149,13.249,0.016,18.225,0.263,g
2459764.54755,2022-07-04.0423774,bG,1.48,16.202,13.242,0.015,18.327,0.251,g
2459764.54884,2022-07-04.0436667,bG,1.44,16.163,13.234,0.016,18.475,0.260,g
2459765.56972,2022-07-05.0645962,bk,1.45,16.195,13.252,0.016,18.164,0.250,g
2459765.57098,2022-07-05.0658472,bk,1.45,16.106,13.271,0.016,17.844,0.268,g
2459765.57223,2022-07-05.0670969,bk,1.45,16.186,13.258,0.016,18.068,0.253,g
2459766.56227,2022-07-06.0571703,bG,1.45,14.506,13.193,0.065,19.190,1.151,g
2459766.56355,2022-07-06.0584579,bG,1.42,15.540,13.201,0.026,19.038,0.451,g
2459766.56487,2022-07-06.0597670,bG,1.44,14.508,13.335,0.075,16.817,1.152,g
2459766.59791,2022-07-06.0928141,bG,1.49,14.338,13.149,0.073,19.974,1.343,g
2459766.59920,2022-07-06.0941019,bG,1.58,13.564,13.282,0.169,17.673,2.733,g
2459766.60049,2022-07-06.0953899,bG,1.48,14.365,13.194,0.075,19.157,1.310,g
2459766.63769,2022-07-06.1325982,bk,1.58,14.991,13.122,0.040,20.483,0.742,g
2459766.63894,2022-07-06.1338480,bk,1.69,15.060,13.133,0.037,20.261,0.692,g
2459766.64018,2022-07-06.1350909,bk,1.64,15.592,13.174,0.025,19.510,0.435,g
2459766.70572,2022-07-06.2006259,bG,1.79,14.334,13.343,0.088,16.697,1.345,g
2459766.70700,2022-07-06.2019133,bG,2.25,14.045,13.225,0.103,18.613,1.755,g
2459766.70832,2022-07-06.2032262,bG,2.27,14.452,13.247,0.072,18.249,1.207,g
2459767.56843,2022-07-07.0633730,bG,1.46,16.120,13.230,0.016,18.534,0.270,g
2459767.56972,2022-07-07.0646581,bG,1.49,16.153,13.243,0.016,18.308,0.263,g
2459767.57102,2022-07-07.0659563,bG,1.48,16.172,13.265,0.016,17.959,0.256,g
2459769.59018,2022-07-09.0852097,bG,1.57,16.065,13.311,0.018,17.201,0.283,g
2459769.59148,2022-07-09.0864980,bG,1.50,15.984,13.331,0.019,16.887,0.298,g
2459769.59276,2022-07-09.0877917,bG,1.51,16.134,13.289,0.017,17.548,0.268,g
2459769.60613,2022-07-09.1011592,bG,1.49,16.168,13.311,0.017,17.194,0.260,g
2459769.60743,2022-07-09.1024574,bG,1.50,16.073,13.300,0.018,17.368,0.279,g
2459769.60873,2022-07-09.1037567,bG,1.47,16.032,13.263,0.017,17.973,0.288,g
2459773.68429,2022-07-13.1795024,bG,1.48,15.473,13.259,0.029,18.052,0.477,g
2459774.41599,2022-07-13.9112431,bo,2.01,15.018,13.118,0.039,20.548,0.728,g
2459782.46726,2022-07-21.9629437,bk,2.11,16.215,13.303,0.015,17.332,0.245,g
2459782.46850,2022-07-21.9641841,bk,2.09,16.233,13.272,0.014,17.826,0.240,g
2459782.46975,2022-07-21.9654255,bk,2.09,16.197,13.311,0.015,17.206,0.247,g
2459783.73395,2022-07-23.2297084,bG,1.63,16.143,13.303,0.017,17.330,0.264,g
2459783.73525,2022-07-23.2310096,bG,1.51,16.107,13.317,0.018,17.108,0.271,g
2459783.73652,2022-07-23.2322839,bG,1.51,16.143,13.300,0.017,17.379,0.262,g
2459784.65681,2022-07-24.1526145,bG,1.45,16.136,13.312,0.017,17.190,0.267,g
2459784.65809,2022-07-24.1539017,bG,1.38,16.195,13.288,0.015,17.570,0.247,g
2459784.65938,2022-07-24.1551842,bG,1.42,16.174,13.305,0.017,17.307,0.259,g
2459784.69131,2022-07-24.1871202,bk,1.46,16.354,13.255,0.013,18.104,0.216,g
2459784.69254,2022-07-24.1883587,bk,1.51,16.289,13.334,0.014,16.845,0.228,g
2459784.69378,2022-07-24.1895960,bk,1.55,16.243,13.294,0.014,17.478,0.236,g
2459785.67724,2022-07-25.1731159,bk,1.43,16.270,13.314,0.014,17.156,0.228,g
2459785.67762,2022-07-25.1734850,bG,1.47,16.177,13.273,0.015,17.819,0.251,g
2459785.67848,2022-07-25.1743483,bk,1.53,16.229,13.307,0.015,17.263,0.237,g
2459785.67891,2022-07-25.1747781,bG,1.57,16.162,13.278,0.015,17.740,0.256,g
2459785.67971,2022-07-25.1755866,bk,1.49,16.238,13.321,0.015,17.041,0.236,g
2459785.68019,2022-07-25.1760608,bG,1.49,16.145,13.286,0.017,17.601,0.262,g
2459785.71560,2022-07-25.2114761,bk,1.51,16.155,13.283,0.015,17.659,0.256,g
2459785.71683,2022-07-25.2127025,bk,1.50,16.233,13.310,0.015,17.210,0.238,g
2459785.71807,2022-07-25.2139479,bk,1.50,16.081,13.325,0.017,16.985,0.273,g
2459786.69233,2022-07-26.1882666,bk,1.38,16.256,13.298,0.014,17.410,0.232,g
2459786.69357,2022-07-26.1895082,bk,1.47,16.326,13.305,0.013,17.307,0.220,g
2459786.69481,2022-07-26.1907541,bk,1.48,16.283,13.292,0.014,17.506,0.230,g
2459786.73436,2022-07-26.2303077,bk,1.44,16.297,13.281,0.014,17.692,0.227,g
2459786.73561,2022-07-26.2315515,bk,1.49,16.275,13.286,0.014,17.607,0.230,g
2459786.73685,2022-07-26.2327907,bk,1.45,16.223,13.292,0.015,17.499,0.241,g
2459789.34299,2022-07-28.8391012,bo,1.41,15.954,13.253,0.019,18.135,0.310,g
2459789.34427,2022-07-28.8403898,bo,1.48,15.943,13.318,0.019,17.084,0.311,g
2459789.34554,2022-07-28.8416458,bo,1.45,15.972,13.243,0.018,18.314,0.303,g
2459789.39290,2022-07-28.8890172,bo,1.38,15.970,13.315,0.019,17.128,0.302,g
2459789.39415,2022-07-28.8902648,bo,1.51,15.950,13.276,0.019,17.771,0.310,g
2459789.39541,2022-07-28.8915244,bo,1.43,15.920,13.183,0.018,19.350,0.316,g
2459791.48895,2022-07-30.9852149,bk,2.39,16.100,13.242,0.017,18.338,0.280,g
2459791.49020,2022-07-30.9864603,bk,2.39,16.092,13.291,0.018,17.528,0.280,g
2459791.49144,2022-07-30.9876984,bk,2.38,16.086,13.262,0.017,17.989,0.276,g
2459792.51949,2022-08-01.0158206,bk,1.44,16.090,13.305,0.017,17.303,0.269,g
2459792.52073,2022-08-01.0170584,bk,1.48,16.143,13.257,0.015,18.083,0.259,g
2459792.52197,2022-08-01.0183021,bk,1.49,16.091,13.303,0.017,17.336,0.272,g
2459793.52214,2022-08-02.0185483,bG,1.44,16.153,13.319,0.017,17.080,0.261,g
2459793.52344,2022-08-02.0198371,bG,1.47,16.190,13.270,0.016,17.872,0.252,g
2459793.52474,2022-08-02.0211388,bG,1.44,16.140,13.278,0.016,17.746,0.259,g
2459794.51458,2022-08-03.0110547,bG,1.47,16.238,13.260,0.015,18.033,0.244,g
2459794.51587,2022-08-03.0123429,bG,1.47,16.153,13.256,0.015,18.112,0.256,g
2459794.51716,2022-08-03.0136292,bG,1.41,16.197,13.300,0.016,17.382,0.253,g
2459797.23798,2022-08-05.7346478,bo,1.45,15.945,13.162,0.017,19.738,0.309,g
2459797.23921,2022-08-05.7358875,bo,1.51,15.762,13.136,0.019,20.222,0.369,g
2459797.24045,2022-08-05.7371175,bo,1.44,15.901,13.085,0.017,21.177,0.327,g
2459800.64059,2022-08-09.1375230,bG,2.14,15.666,13.170,0.023,19.577,0.404,g
2459800.64188,2022-08-09.1388216,bG,2.14,15.660,13.117,0.021,20.568,0.402,g
2459800.64318,2022-08-09.1401135,bG,2.12,15.693,13.085,0.020,21.190,0.389,g
2459804.58687,2022-08-13.0841188,bG,1.44,15.910,13.279,0.020,17.719,0.326,g
2459804.58816,2022-08-13.0854111,bG,1.50,15.909,13.314,0.021,17.155,0.324,g
2459804.58945,2022-08-13.0867032,bG,1.46,15.854,13.279,0.020,17.723,0.337,g
2459806.60581,2022-08-15.1032184,bG,1.50,16.086,13.288,0.018,17.566,0.276,g
2459806.60708,2022-08-15.1045030,bG,1.61,16.046,13.338,0.018,16.779,0.284,g
2459806.60838,2022-08-15.1057957,bG,1.52,16.104,13.336,0.018,16.827,0.271,g
2459808.44818,2022-08-16.9457559,bo,1.53,15.711,13.361,0.025,16.439,0.383,g
2459808.44944,2022-08-16.9470098,bo,1.45,15.869,13.304,0.021,17.322,0.331,g
2459808.45069,2022-08-16.9482577,bo,1.50,15.739,13.254,0.022,18.123,0.374,g
2459818.27974,2022-08-26.7781641,bo,1.51,16.027,13.273,0.017,17.827,0.289,g
2459818.28122,2022-08-26.7796460,bo,1.50,15.978,13.230,0.017,18.528,0.302,g
2459818.28266,2022-08-26.7810833,bo,1.50,16.028,13.305,0.018,17.306,0.288,g
2459823.34261,2022-08-31.8414938,bo,1.52,13.528,13.182,0.160,19.373,2.831,g
2459824.49132,2022-09-01.9903131,bG,1.48,16.125,13.188,0.016,19.271,0.270,g
2459824.49262,2022-09-01.9916112,bG,1.48,16.134,13.161,0.015,19.758,0.268,g
2459824.49391,2022-09-01.9928998,bG,1.45,16.144,13.148,0.014,19.989,0.261,g
2459825.60600,2022-09-03.1051042,bG,1.47,15.963,13.233,0.019,18.494,0.313,g
2459825.60860,2022-09-03.1076987,bG,1.45,15.976,13.195,0.017,19.139,0.302,g
2459829.26716,2022-09-06.7666030,bo,1.43,15.738,13.350,0.024,16.605,0.373,g
2459829.26840,2022-09-06.7678447,bo,1.46,15.570,13.313,0.027,17.178,0.434,g
2459829.26966,2022-09-06.7690996,bo,1.42,15.616,13.334,0.027,16.846,0.415,g
2459831.50487,2022-09-09.0045153,bG,1.49,15.952,13.306,0.020,17.287,0.312,g
2459831.50617,2022-09-09.0058126,bG,1.44,15.868,13.292,0.020,17.520,0.334,g
2459831.50747,2022-09-09.0071135,bG,1.50,15.836,13.260,0.020,18.044,0.341,g
2459833.56213,2022-09-11.0619619,bk,1.44,15.666,13.295,0.025,17.462,0.398,g
2459833.56337,2022-09-11.0632120,bk,1.56,15.754,13.304,0.023,17.330,0.369,g
2459833.56462,2022-09-11.0644609,bk,1.91,15.801,13.258,0.021,18.068,0.351,g
2459834.57665,2022-09-12.0765895,bk,1.48,16.020,13.289,0.018,17.549,0.289,g
2459834.57789,2022-09-12.0778310,bk,1.56,15.945,13.230,0.018,18.540,0.309,g
2459834.57913,2022-09-12.0790646,bk,1.47,16.038,13.246,0.017,18.266,0.285,g
2459837.31128,2022-09-14.8114732,bo,1.43,16.020,13.308,0.019,17.243,0.295,g
2459837.31251,2022-09-14.8127067,bo,1.38,15.949,13.234,0.018,18.473,0.310,g
2459837.31376,2022-09-14.8139508,bo,1.44,15.997,13.282,0.019,17.678,0.299,g
2459842.28046,2022-09-19.7811206,bo,1.43,16.015,13.191,0.017,19.206,0.294,g
2459842.28171,2022-09-19.7823752,bo,1.46,15.929,13.226,0.019,18.601,0.320,g
2459842.28297,2022-09-19.7836204,bo,1.44,15.893,13.125,0.017,20.418,0.326,g
2459844.48420,2022-09-21.9850620,bk,2.09,16.149,13.082,0.014,21.247,0.263,g
2459844.48544,2022-09-21.9863012,bk,2.08,16.226,13.110,0.013,20.710,0.246,g
2459844.48668,2022-09-21.9875386,bk,2.07,16.156,13.102,0.014,20.856,0.260,g
2459845.53836,2022-09-23.0393150,bG,1.50,16.113,13.119,0.014,20.542,0.266,g
2459845.53965,2022-09-23.0406083,bG,1.43,16.126,13.149,0.015,19.961,0.268,g
2459845.54095,2022-09-23.0419089,bG,1.46,16.110,13.123,0.015,20.464,0.278,g
2459846.52669,2022-09-24.0277388,bk,1.44,16.197,13.123,0.014,20.452,0.258,g
2459846.52793,2022-09-24.0289770,bk,1.38,16.235,13.166,0.014,19.647,0.244,g
2459846.52918,2022-09-24.0302282,bk,1.41,16.273,13.174,0.014,19.511,0.235,g
2459847.53110,2022-09-25.0322452,bk,1.96,16.161,13.202,0.015,19.021,0.260,g
2459847.53235,2022-09-25.0334953,bk,1.59,16.209,13.213,0.015,18.824,0.249,g
2459847.53358,2022-09-25.0347226,bk,1.58,16.160,13.215,0.014,18.809,0.257,g
2459848.52743,2022-09-26.0286708,bG,1.41,16.093,13.227,0.016,18.601,0.272,g
2459848.52873,2022-09-26.0299592,bG,1.38,16.148,13.258,0.016,18.068,0.266,g
2459848.53003,2022-09-26.0312585,bG,1.43,16.175,13.207,0.015,18.944,0.257,g
2459849.54139,2022-09-27.0427207,bk,1.47,15.431,13.196,0.028,19.130,0.494,g
2459849.54264,2022-09-27.0439591,bk,1.41,14.819,13.244,0.054,18.295,0.904,g
2459849.54389,2022-09-27.0452123,bk,1.47,14.100,13.292,0.109,17.506,1.750,g
2459850.49044,2022-09-27.9918560,bG,1.52,13.646,13.085,0.131,21.192,2.536,g
2459850.49303,2022-09-27.9944388,bG,1.55,13.192,13.189,0.222,19.258,3.898,g
2459851.48302,2022-09-28.9845228,bG,2.39,16.013,13.357,0.020,16.501,0.296,g
2459851.48432,2022-09-28.9858200,bG,2.39,15.962,13.299,0.019,17.394,0.305,g
2459851.48561,2022-09-28.9871136,bG,1.58,16.035,13.313,0.019,17.178,0.292,g
2459855.24904,2022-10-02.7508837,bo,2.39,15.768,13.381,0.025,16.121,0.371,g
2459855.51073,2022-10-03.0125954,bk,1.50,16.068,13.234,0.016,18.468,0.278,g
2459855.51198,2022-10-03.0138432,bk,1.53,16.114,13.336,0.018,16.806,0.269,g
2459855.51322,2022-10-03.0150826,bk,1.48,16.036,13.272,0.017,17.833,0.286,g
2459856.54991,2022-10-04.0518700,bG,1.48,15.903,13.259,0.020,18.046,0.328,g
2459856.55121,2022-10-04.0531631,bG,1.51,15.883,13.247,0.019,18.259,0.326,g
2459856.55250,2022-10-04.0544554,bG,1.45,15.927,13.245,0.018,18.286,0.313,g
2459857.54631,2022-10-05.0483496,bG,1.46,15.882,13.257,0.019,18.074,0.329,g
2459857.54761,2022-10-05.0496510,bG,1.47,15.835,13.243,0.020,18.314,0.341,g
2459857.54891,2022-10-05.0509490,bG,1.49,15.749,13.237,0.022,18.416,0.371,g
2459860.28607,2022-10-07.7883483,bo,1.50,15.398,13.325,0.032,16.993,0.511,g
2459860.28730,2022-10-07.7895776,bo,1.48,15.488,13.390,0.033,15.995,0.472,g
2459860.28853,2022-10-07.7908064,bo,1.49,15.437,13.292,0.031,17.505,0.494,g
2459866.26024,2022-10-13.7630149,bo,1.55,15.775,13.140,0.020,20.155,0.366,g
2459866.26147,2022-10-13.7642451,bo,1.53,15.806,13.163,0.020,19.722,0.357,g
2459866.26272,2022-10-13.7655016,bo,1.50,15.801,13.128,0.019,20.359,0.357,g
2459867.51706,2022-10-15.0199421,bG,1.41,16.125,13.127,0.015,20.388,0.268,g
2459867.51836,2022-10-15.0212339,bG,1.45,16.099,13.119,0.015,20.535,0.282,g
2459867.51966,2022-10-15.0225319,bG,1.39,16.015,13.117,0.016,20.560,0.302,g
2459868.51240,2022-10-16.0153535,bk,2.31,16.133,13.132,0.015,20.305,0.269,g
2459868.51364,2022-10-16.0165950,bk,2.29,16.099,13.153,0.015,19.894,0.283,g
2459868.51488,2022-10-16.0178285,bk,2.28,16.181,13.176,0.015,19.483,0.263,g
2459870.50421,2022-10-18.0073118,bG,1.54,16.128,13.226,0.016,18.610,0.267,g
2459870.50550,2022-10-18.0086106,bG,1.52,16.056,13.197,0.016,19.107,0.280,g
2459870.50679,2022-10-18.0098994,bG,1.54,16.111,13.216,0.016,18.763,0.273,g
2459871.51769,2022-10-19.0208807,bG,1.48,16.081,13.217,0.017,18.747,0.279,g
2459871.51898,2022-10-19.0221717,bG,1.49,16.063,13.272,0.017,17.834,0.278,g
2459872.50753,2022-10-20.0107936,bG,1.97,16.050,13.279,0.018,17.717,0.287,g
2459872.50884,2022-10-20.0120984,bG,1.67,16.083,13.313,0.017,17.171,0.276,g
2459872.51013,2022-10-20.0133835,bG,1.66,16.048,13.289,0.018,17.555,0.287,g
2459873.50691,2022-10-21.0102421,bk,2.18,16.191,13.327,0.017,16.946,0.253,g
2459873.50814,2022-10-21.0114817,bk,2.27,15.781,13.388,0.024,16.028,0.360,g
2459874.49647,2022-10-21.9998875,bk,2.02,16.140,13.347,0.018,16.645,0.263,g
2459874.49772,2022-10-22.0011373,bk,2.00,16.129,13.325,0.017,16.984,0.264,g
2459874.49897,2022-10-22.0023778,bk,1.97,16.179,13.328,0.016,16.929,0.252,g
2459876.25534,2022-10-23.7588803,bo,1.48,14.641,13.197,0.060,19.101,1.053,g
2459876.25659,2022-10-23.7601280,bo,1.45,14.053,13.439,0.124,15.287,1.742,g
2459877.49406,2022-10-24.9976820,bG,1.43,15.835,13.285,0.021,17.631,0.343,g
2459877.49536,2022-10-24.9989787,bG,1.53,15.887,13.274,0.021,17.797,0.332,g
2459877.49664,2022-10-25.0002642,bG,1.42,15.994,13.281,0.019,17.688,0.301,g
2459964.87067,2023-01-20.3748150,bG,1.44,15.541,13.403,0.031,15.808,0.446,g
2459964.87197,2023-01-20.3761081,bG,1.50,15.365,13.323,0.033,17.008,0.526,g
2459965.86983,2023-01-21.3739187,bk,1.50,15.627,13.389,0.028,16.019,0.414,g
2459965.87109,2023-01-21.3751690,bk,1.47,15.614,13.300,0.026,17.376,0.420,g
2459965.87233,2023-01-21.3764086,bk,2.04,15.675,13.368,0.026,16.330,0.397,g
2459966.86599,2023-01-22.3700122,bk,1.43,15.943,13.303,0.020,17.335,0.313,g
2459966.86725,2023-01-22.3712655,bk,1.48,15.932,13.353,0.021,16.550,0.317,g
2459966.86850,2023-01-22.3725144,bk,1.42,15.834,13.300,0.021,17.387,0.344,g
2459972.60977,2023-01-28.1134034,bo,2.04,15.967,13.321,0.019,17.038,0.304,g
2459972.61103,2023-01-28.1146688,bo,2.03,15.865,13.293,0.020,17.497,0.333,g
2459972.61228,2023-01-28.1159192,bo,2.04,15.793,13.318,0.022,17.079,0.353,g
2459982.82526,2023-02-07.3281203,bk,1.49,15.544,13.193,0.025,19.188,0.449,g
2459982.82651,2023-02-07.3293618,bk,1.48,15.488,13.219,0.027,18.738,0.470,g
2459982.82775,2023-02-07.3306038,bk,1.52,15.694,13.248,0.023,18.228,0.388,g
2459987.56331,2023-02-12.0657752,bo,1.49,15.810,13.260,0.021,18.030,0.353,g
2459987.56456,2023-02-12.0670253,bo,1.44,15.821,13.302,0.023,17.338,0.351,g
2459987.56581,2023-02-12.0682766,bo,1.48,15.978,13.336,0.019,16.821,0.303,g
2459988.83159,2023-02-13.3339472,bG,1.57,15.957,13.301,0.020,17.362,0.310,g
2459988.83288,2023-02-13.3352340,bG,1.51,15.909,13.286,0.020,17.601,0.320,g
2459988.83418,2023-02-13.3365320,bG,1.54,16.009,13.260,0.018,18.027,0.300,g
2459993.81362,2023-02-18.3155494,bk,1.44,16.169,13.319,0.017,17.082,0.259,g
2459993.81488,2023-02-18.3167968,bk,1.44,16.158,13.324,0.017,17.012,0.261,g
2459993.81613,2023-02-18.3180505,bk,1.45,16.183,13.285,0.016,17.628,0.256,g
2459995.80007,2023-02-20.3018134,bk,1.43,16.242,13.348,0.016,16.633,0.241,g
2459995.80130,2023-02-20.3030471,bk,1.40,16.214,13.293,0.015,17.494,0.245,g
2459995.80253,2023-02-20.3042748,bk,1.47,16.117,13.343,0.018,16.711,0.269,g
2459997.56572,2023-02-22.0673037,bo,2.21,16.059,13.340,0.019,16.745,0.286,g
2459997.56697,2023-02-22.0685525,bo,2.21,16.124,13.330,0.018,16.911,0.270,g
2459997.56822,2023-02-22.0697967,bo,2.24,16.038,13.357,0.019,16.491,0.291,g
2459998.79441,2023-02-23.2958783,bk,1.48,16.199,13.319,0.016,17.082,0.249,g
2459998.79564,2023-02-23.2971142,bk,1.41,16.211,13.333,0.016,16.857,0.247,g
2459998.79688,2023-02-23.2983561,bk,1.46,16.229,13.381,0.017,16.137,0.242,g
2459999.81248,2023-02-24.3138643,bk,1.44,16.170,13.345,0.017,16.666,0.258,g
2459999.81374,2023-02-24.3151129,bk,1.46,16.181,13.314,0.017,17.153,0.256,g
2459999.81498,2023-02-24.3163584,bk,1.40,16.200,13.315,0.016,17.141,0.249,g
2459999.83203,2023-02-24.3334098,bk,1.47,16.156,13.336,0.017,16.818,0.262,g
2459999.83327,2023-02-24.3346493,bk,1.45,16.290,13.322,0.015,17.032,0.234,g
2459999.83452,2023-02-24.3359028,bk,1.46,16.215,13.325,0.015,16.983,0.244,g
2460001.78635,2023-02-26.2875460,bG,1.47,16.093,13.258,0.017,18.060,0.276,g
2460001.78765,2023-02-26.2888432,bG,1.50,16.098,13.219,0.016,18.736,0.276,g
2460001.78894,2023-02-26.2901288,bG,1.43,16.018,13.199,0.017,19.076,0.294,g
2460002.79027,2023-02-27.2913667,bk,1.46,16.159,13.252,0.016,18.162,0.261,g
2460002.79151,2023-02-27.2926072,bk,1.47,16.217,13.254,0.014,18.126,0.244,g
2460002.79275,2023-02-27.2938537,bk,1.44,16.194,13.223,0.015,18.648,0.254,g
2460002.80311,2023-02-27.3042076,bG,1.57,16.046,13.187,0.017,19.281,0.287,g
2460002.80441,2023-02-27.3055074,bG,1.61,16.032,13.181,0.016,19.381,0.286,g
2460002.80570,2023-02-27.3068078,bG,1.52,16.078,13.227,0.016,18.584,0.277,g
2460003.84668,2023-02-28.3476878,bG,1.55,16.108,13.226,0.016,18.594,0.278,g
2460003.84798,2023-02-28.3489863,bG,1.58,16.056,13.192,0.016,19.188,0.283,g
2460003.84928,2023-02-28.3502814,bG,1.70,16.120,13.224,0.016,18.629,0.271,g
2460005.84422,2023-03-02.3450376,bk,1.57,16.251,13.277,0.014,17.736,0.235,g
2460005.84547,2023-03-02.3462886,bk,1.54,16.229,13.274,0.015,17.795,0.243,g
2460005.84671,2023-03-02.3475293,bk,1.50,16.246,13.255,0.014,18.128,0.237,g
2460005.84796,2023-03-02.3487725,bk,1.53,16.176,13.285,0.016,17.609,0.256,g
2460005.84919,2023-03-02.3500097,bk,1.49,16.229,13.278,0.015,17.735,0.244,g
2460005.85045,2023-03-02.3512657,bk,1.54,16.227,13.266,0.014,17.937,0.240,g
2460006.64088,2023-03-03.1416241,bo,1.46,16.119,13.283,0.017,17.649,0.268,g
2460006.64212,2023-03-03.1428563,bo,1.48,16.113,13.296,0.016,17.447,0.266,g
2460006.64336,2023-03-03.1441019,bo,1.40,16.108,13.318,0.017,17.096,0.268,g
2460008.76393,2023-03-05.2644650,bG,1.62,15.761,13.286,0.023,17.595,0.369,g
2460008.76523,2023-03-05.2657645,bG,1.59,15.740,13.362,0.025,16.405,0.372,g
2460008.76652,2023-03-05.2670612,bG,1.56,15.783,13.330,0.024,16.904,0.363,g
2460009.83431,2023-03-06.3347396,bk,1.51,16.059,13.320,0.018,17.049,0.282,g
2460009.83556,2023-03-06.3359967,bk,1.51,15.919,13.365,0.021,16.358,0.318,g
2460009.83680,2023-03-06.3372409,bk,1.52,15.972,13.346,0.019,16.649,0.304,g
2460011.82563,2023-03-08.3258790,bG,1.49,15.800,13.267,0.021,17.925,0.355,g
2460011.82693,2023-03-08.3271855,bG,1.51,16.007,13.311,0.019,17.204,0.301,g
2460011.82824,2023-03-08.3284986,bG,1.47,15.754,13.299,0.023,17.391,0.367,g
2460012.78879,2023-03-09.2889483,bk,1.40,15.836,13.298,0.021,17.410,0.343,g
2460012.79005,2023-03-09.2902062,bk,1.46,15.727,13.374,0.026,16.248,0.380,g
2460012.79129,2023-03-09.2914432,bk,1.51,15.842,13.293,0.022,17.489,0.344,g
2460013.79645,2023-03-10.2965138,bk,1.51,15.854,13.328,0.022,16.938,0.339,g
2460013.79770,2023-03-10.2977638,bk,1.45,15.911,13.316,0.020,17.125,0.321,g
2460019.89175,2023-03-16.3912332,bG,1.49,16.062,13.339,0.019,16.765,0.282,g
2460019.89304,2023-03-16.3925199,bG,1.47,16.163,13.361,0.018,16.429,0.259,g
2460019.89432,2023-03-16.3938056,bG,1.56,16.101,13.333,0.018,16.850,0.272,g
2460020.90670,2023-03-17.4060888,bG,1.54,16.133,13.311,0.017,17.190,0.269,g
2460020.90799,2023-03-17.4073763,bG,1.60,16.107,13.310,0.018,17.225,0.271,g
2460020.90929,2023-03-17.4086784,bG,1.48,16.044,13.318,0.019,17.096,0.286,g
2460021.74313,2023-03-18.2424344,bk,1.50,16.178,13.291,0.015,17.522,0.250,g
2460021.74437,2023-03-18.2436787,bk,1.41,16.190,13.340,0.016,16.758,0.249,g
2460021.74563,2023-03-18.2449368,bk,1.45,16.177,13.285,0.015,17.625,0.251,g
2460025.50221,2023-03-22.0011662,bo,2.30,15.969,13.215,0.018,18.790,0.310,g
2460025.50360,2023-03-22.0025546,bo,2.28,16.025,13.264,0.018,17.977,0.299,g
2460026.71598,2023-03-23.2148231,bk,1.52,16.139,13.180,0.014,19.396,0.259,g
2460026.71723,2023-03-23.2160732,bk,1.60,16.151,13.214,0.016,18.810,0.262,g
2460026.71847,2023-03-23.2173138,bk,1.61,16.090,13.203,0.016,18.996,0.276,g
2460026.76943,2023-03-23.2682667,bG,2.17,16.082,13.199,0.016,19.058,0.282,g
2460026.77073,2023-03-23.2695642,bG,2.19,16.136,13.196,0.016,19.127,0.267,g
2460026.77201,2023-03-23.2708508,bG,2.17,16.094,13.199,0.016,19.077,0.276,g
2460028.71116,2023-03-25.2098150,bG,2.15,16.088,13.243,0.017,18.314,0.277,g
2460028.71245,2023-03-25.2111071,bG,2.14,16.082,13.270,0.016,17.877,0.276,g
2460028.71374,2023-03-25.2123888,bG,2.14,16.047,13.227,0.017,18.580,0.286,g
2460029.70972,2023-03-26.2082839,bk,1.43,16.120,13.269,0.016,17.880,0.263,g
2460029.71096,2023-03-26.2095325,bk,1.43,16.120,13.224,0.015,18.635,0.265,g
2460029.71223,2023-03-26.2107883,bk,1.40,16.104,13.270,0.016,17.873,0.266,g
2460030.70693,2023-03-27.2054009,bG,1.57,16.082,13.274,0.017,17.812,0.279,g
2460030.70821,2023-03-27.2066881,bG,1.54,16.065,13.301,0.018,17.364,0.285,g
2460030.70951,2023-03-27.2079832,bG,1.52,16.031,13.282,0.018,17.661,0.289,g
2460030.75082,2023-03-27.2493005,bk,1.39,16.199,13.298,0.015,17.404,0.246,g
2460030.75208,2023-03-27.2505516,bk,1.42,16.201,13.310,0.016,17.210,0.249,g
2460030.75332,2023-03-27.2517888,bk,1.42,16.200,13.268,0.016,17.896,0.249,g
2460031.70993,2023-03-28.2083133,bG,1.56,16.114,13.309,0.016,17.239,0.267,g
2460031.71122,2023-03-28.2096009,bG,1.57,16.087,13.273,0.017,17.812,0.275,g
2460031.71252,2023-03-28.2109027,bG,1.52,16.107,13.265,0.017,17.952,0.271,g
2460032.73178,2023-03-29.2300719,bG,1.97,16.058,13.284,0.017,17.647,0.279,g
2460032.73309,2023-03-29.2313777,bG,1.64,16.108,13.276,0.017,17.769,0.273,g
2460032.73436,2023-03-29.2326571,bG,1.97,16.081,13.285,0.017,17.634,0.276,g
2460035.87841,2023-04-01.3764146,bk,1.97,16.185,13.282,0.015,17.665,0.248,g
2460035.87963,2023-04-01.3776409,bk,1.98,16.288,13.286,0.014,17.611,0.228,g
2460035.88089,2023-04-01.3789052,bk,1.99,16.253,13.305,0.014,17.292,0.235,g
2460036.85661,2023-04-02.3545386,bk,1.48,16.314,13.325,0.014,16.988,0.224,g
2460036.85784,2023-04-02.3557664,bk,1.52,16.196,13.277,0.015,17.748,0.249,g
2460036.85909,2023-04-02.3570171,bk,1.51,16.256,13.252,0.015,18.161,0.238,g
2460037.91441,2023-04-03.4122451,bG,1.46,16.090,13.285,0.016,17.621,0.274,g
2460037.91570,2023-04-03.4135326,bG,1.51,16.119,13.272,0.017,17.835,0.271,g
2460037.91699,2023-04-03.4148188,bG,1.41,16.029,13.293,0.019,17.487,0.291,g
2460039.50678,2023-04-05.0044740,bo,1.47,15.941,13.334,0.021,16.852,0.313,g
2460039.50821,2023-04-05.0059042,bo,1.55,15.746,13.316,0.024,17.115,0.373,g
2460039.50971,2023-04-05.0074086,bo,1.50,15.955,13.278,0.020,17.723,0.310,g
2460040.67894,2023-04-06.1765398,bG,1.56,15.569,13.327,0.028,16.947,0.434,g
2460040.68023,2023-04-06.1778231,bG,1.44,15.429,13.339,0.032,16.765,0.495,g
2460040.68152,2023-04-06.1791128,bG,1.47,15.538,13.324,0.029,16.987,0.447,g
2460041.68532,2023-04-07.1828229,bk,1.46,15.463,13.248,0.028,18.221,0.481,g
2460041.68656,2023-04-07.1840670,bk,1.46,15.562,13.356,0.029,16.508,0.438,g
2460042.85167,2023-04-08.3490760,bk,1.51,15.865,13.319,0.022,17.084,0.336,g
2460042.85291,2023-04-08.3503238,bk,1.46,15.799,13.380,0.025,16.153,0.356,g
2460042.85416,2023-04-08.3515688,bk,1.49,15.793,13.332,0.023,16.885,0.355,g
2460042.86624,2023-04-08.3636497,bG,1.56,15.850,13.325,0.021,16.989,0.339,g
2460042.86754,2023-04-08.3649497,bG,1.45,15.898,13.338,0.021,16.777,0.325,g
2460042.86883,2023-04-08.3662350,bG,1.45,15.803,13.340,0.023,16.759,0.351,g
2460046.79610,2023-04-12.2931868,bk,1.46,16.049,13.260,0.018,18.025,0.287,g
2460046.79734,2023-04-12.2944285,bk,1.39,16.000,13.302,0.018,17.345,0.297,g
2460046.79859,2023-04-12.2956773,bk,1.49,16.058,13.251,0.016,18.181,0.277,g